test_id	area	isolated_rerun
tests/admin/test_leads_import.py::test_leads_import_sync_creates_leads	tests/admin	fails alone
tests/admin/test_leads_import.py::test_leads_import_sync_idempotent	tests/admin	fails alone
tests/api/admin/test_meta_leads.py::test_meta_leads_mapping_and_reroute	tests/api	fails alone
tests/api/admin/test_meta_leads.py::test_meta_leads_retry_endpoint	tests/api	fails alone
tests/api/admin/test_meta_leads.py::test_settings_leads_forbidden_for_recruiter	tests/api	fails alone
tests/api/admin/test_meta_leads.py::test_superadmin_bootstrap_meta_uses_operational_tenant	tests/api	fails alone
tests/api/test_acquisition_flight_ad_binding.py::test_attach_ad_binding_reprocesses_missing_campaign_flight	tests/api	passes alone
tests/api/test_admin_org_units.py::test_admin_users_list_supervisor_ok	tests/api	fails alone
tests/api/test_admin_org_units.py::test_invite_with_org_unit_id	tests/api	fails alone
tests/api/test_admin_org_units.py::test_user_org_units_patch	tests/api	fails alone
tests/api/test_admin_users.py::test_owner_can_create_user_without_password	tests/api	fails alone
tests/api/test_admin_users.py::test_owner_can_reset_change_and_delete_user	tests/api	fails alone
tests/api/test_admin_users.py::test_owner_can_revoke_pending_invite	tests/api	fails alone
tests/api/test_admin_users.py::test_owner_invite_role_change_activation_flow	tests/api	fails alone
tests/api/test_admin_v2.py::test_candidate_delete_workflow	tests/api	fails alone
tests/api/test_admin_v2.py::test_invite_accept_assigns_role_and_acl	tests/api	fails alone
tests/api/test_adr022_intake_policy_phase1.py::test_adr022_public_match_or_create_attach	tests/api	fails alone
tests/api/test_adr022_intake_policy_phase1.py::test_adr022_public_match_or_create_no_match	tests/api	fails alone
tests/api/test_adr022_intake_policy_phase1.py::test_adr022_public_submit_idempotent	tests/api	fails alone
tests/api/test_analytics_funnel_m5.py::test_analytics_funnel_metrics_track_pipeline_scope	tests/api	fails alone
tests/api/test_analytics_funnel_m5.py::test_analytics_funnel_requires_company_or_legacy_flag	tests/api	fails alone
tests/api/test_analytics_funnel_m5.py::test_analytics_funnel_service_binds_active_funnel	tests/api	fails alone
tests/api/test_b1_questionnaire_send.py::test_questionnaire_invite_rejects_inactive_lead_form	tests/api	fails alone
tests/api/test_billing_addon_pack_checkout.py::test_addon_pack_lead_forms_mock_increases_cap	tests/api	fails alone
tests/api/test_billing_addon_pack_checkout.py::test_addon_pack_mock_leads_increases_usage_cap	tests/api	fails alone
tests/api/test_billing_quota_headroom.py::test_billing_summary_recruiter_forbidden	tests/api	fails alone
tests/api/test_calendar_integration.py::test_calendar_connection_oauth_complete_and_refresh	tests/api	fails alone
tests/api/test_candidate_assignment_queue.py::test_claim_forbidden_recruiter_outside_company_scope	tests/api	fails alone
tests/api/test_candidate_assignment_queue.py::test_create_company_only_is_unassigned_claim_marks_claimed	tests/api	fails alone
tests/api/test_candidate_assignment_queue.py::test_lead_claimed_emits_audit_event	tests/api	fails alone
tests/api/test_candidate_assignment_queue.py::test_list_filter_assignment_state_unassigned	tests/api	passes alone
tests/api/test_candidate_doc_pipeline_forward_guard.py::test_forward_allowed_contacted_when_vacancy_set	tests/api	passes alone
tests/api/test_candidate_internal_note_no_side_effects.py::test_internal_note_under_application_lock_does_not_move_recruitment_or_side_channels	tests/api	fails alone
tests/api/test_candidate_patch_override_after_create.py::test_patch_changes_existing_candidate_owned_field_without_override_422	tests/api	passes alone
tests/api/test_candidate_patch_override_after_create.py::test_patch_personal_fields_after_minimal_create_without_override_ok	tests/api	passes alone
tests/api/test_candidate_requirement_pipeline_guard.py::test_checklist_pipeline_blockers_single_legal_stay_row	tests/api	fails alone
tests/api/test_candidate_requirement_pipeline_guard.py::test_pipeline_guard_allows_forward_when_requirements_fulfilled	tests/api	fails alone
tests/api/test_candidate_requirements_integration.py::test_approve_evidence_marks_requirement_fulfilled	tests/api	fails alone
tests/api/test_candidate_requirements_integration.py::test_replace_evidence_supersedes_previous_row	tests/api	fails alone
tests/api/test_communications_access.py::test_email_dispatch_worker_gmail_oauth_uses_provider_send_adapter	tests/api	fails alone
tests/api/test_communications_access.py::test_email_dispatch_worker_marks_failed_after_retry_exhaustion	tests/api	fails alone
tests/api/test_communications_access.py::test_email_dispatch_worker_schedules_retry_on_oauth_send_failure	tests/api	fails alone
tests/api/test_communications_access.py::test_email_oauth_real_exchange_and_refresh_path_uses_provider_adapter	tests/api	fails alone
tests/api/test_communications_access.py::test_email_poll_worker_gmail_oauth_ingests_and_updates_cursor	tests/api	fails alone
tests/api/test_communications_access.py::test_generic_ingest_updates_linked_candidate_on_existing_telegram_thread	tests/api	fails alone
tests/api/test_communications_access.py::test_outbound_thread_message_allowed_without_mandatory_link	tests/api	fails alone
tests/api/test_companies.py::test_company_bootstrap_assigns_owner_and_manager	tests/api	fails alone
tests/api/test_companies.py::test_company_limit_applies_only_to_operating_profiles	tests/api	fails alone
tests/api/test_companies.py::test_company_profile_workflow	tests/api	fails alone
tests/api/test_companies.py::test_first_company_forces_operating_role	tests/api	fails alone
tests/api/test_company_module_settings_api.py::test_fleet_settings_unknown_field_422	tests/api	fails alone
tests/api/test_company_module_settings_api.py::test_get_hr_module_settings_defaults	tests/api	fails alone
tests/api/test_company_module_settings_api.py::test_hr_officer_can_get_not_patch	tests/api	fails alone
tests/api/test_company_module_settings_api.py::test_hr_settings_unknown_field_422	tests/api	fails alone
tests/api/test_company_module_settings_api.py::test_invalid_module_key_422	tests/api	fails alone
tests/api/test_company_module_settings_api.py::test_module_disabled_when_tenant_hr_off	tests/api	fails alone
tests/api/test_company_module_settings_api.py::test_patch_and_get_fleet_settings	tests/api	fails alone
tests/api/test_company_module_settings_api.py::test_patch_and_get_hr_settings	tests/api	fails alone
tests/api/test_company_module_settings_api.py::test_patch_recruitment_default_candidate_funnel	tests/api	fails alone
tests/api/test_company_module_settings_api.py::test_recruiter_forbidden	tests/api	fails alone
tests/api/test_document_dossier_zones.py::test_viewer_channel_filters_db_candidate_documents	tests/api	fails alone
tests/api/test_document_merge_api.py::test_merge_generate_by_code_with_oc_fallback	tests/api	fails alone
tests/api/test_document_merge_api.py::test_merge_template_crud_and_generate	tests/api	fails alone
tests/api/test_document_open_phase2.py::test_db_hr_channel_not_used_for_employee_transport_doc_workforce_file_ok	tests/api	passes alone
tests/api/test_document_open_phase2.py::test_hr_workforce_list_emits_workforce_open_urls_not_candidate_file	tests/api	passes alone
tests/api/test_documents.py::test_apply_template_creates_missing_documents_with_workflow	tests/api	fails alone
tests/api/test_documents.py::test_document_workflow_step_reminders	tests/api	fails alone
tests/api/test_documents.py::test_driver_certificate_requires_work_permit	tests/api	fails alone
tests/api/test_documents.py::test_order_document_blocked_until_checklist_ready	tests/api	fails alone
tests/api/test_documents.py::test_order_work_permit_sets_meta_and_workflow	tests/api	fails alone
tests/api/test_documents_module.py::test_documents_db_flow	tests/api	fails alone
tests/api/test_fleet_assignments_date_filter.py::test_fleet_assignments_filtered_by_service_window	tests/api	fails alone
tests/api/test_fleet_line_seasonality_from_data_api.py::test_seasonality_blend_assignments_and_roster	tests/api	fails alone
tests/api/test_fleet_line_seasonality_from_data_api.py::test_seasonality_from_data_insufficient_without_assignments	tests/api	fails alone
tests/api/test_fleet_line_seasonality_from_data_api.py::test_seasonality_from_data_normalized_weights	tests/api	fails alone
tests/api/test_fleet_line_seasonality_from_data_api.py::test_seasonality_roster_source_vehicle_membership	tests/api	fails alone
tests/api/test_fleet_manager_rbac.py::test_hr_officer_fleet_vehicles_forbidden	tests/api	fails alone
tests/api/test_fleet_module_tenant_gate.py::test_fleet_overview_403_when_fleet_module_disabled	tests/api	fails alone
tests/api/test_fleet_park_api.py::test_fleet_trailers_create_requires_identifier	tests/api	fails alone
tests/api/test_fleet_work_models_api.py::test_fleet_work_models_list_ok	tests/api	fails alone
tests/api/test_funnels_api_company_scope_m4.py::test_funnels_api_create_sets_module_key_and_company	tests/api	fails alone
tests/api/test_funnels_api_company_scope_m4.py::test_funnels_api_legacy_readonly_guard	tests/api	fails alone
tests/api/test_funnels_api_company_scope_m4.py::test_funnels_api_list_allows_tenant_catalog_without_company	tests/api	fails alone
tests/api/test_funnels_api_company_scope_m4.py::test_funnels_api_schema_allows_employee_type_constant	tests/api	fails alone
tests/api/test_funnels_api_hr_h5.py::test_company_module_settings_validates_hr_pipeline_funnel	tests/api	fails alone
tests/api/test_funnels_api_hr_h5.py::test_funnels_api_create_hr_employee_branch	tests/api	fails alone
tests/api/test_funnels_api_hr_h5.py::test_funnels_api_list_supports_hr_module_key	tests/api	fails alone
tests/api/test_funnels_api_hr_h5.py::test_funnels_api_recruitment_create_does_not_use_employee_type	tests/api	fails alone
tests/api/test_funnels_api_hr_h5.py::test_hr_cms_validation_rejects_recruitment_module	tests/api	fails alone
tests/api/test_global_search.py::test_global_search_task_team_scope_supervisor_sees_recruiter_reminder	tests/api	fails alone
tests/api/test_handoff_create_gate.py::test_handoff_bulk_returns_structured_gate_errors	tests/api	passes alone
tests/api/test_handoff_create_gate.py::test_handoff_create_returns_409_handoff_docs_incomplete	tests/api	passes alone
tests/api/test_handoff_decision_gate.py::test_ready_for_handoff_blocked_by_decision_contract	tests/api	fails alone
tests/api/test_handoff_internal_hr.py::test_hr_internal_lane_patch_allowlist_after_accept	tests/api	fails alone
tests/api/test_handoff_internal_hr.py::test_internal_hr_handoff_locks_recruiter_edit_hr_can_edit_and_checklist_tasks	tests/api	fails alone
tests/api/test_handoff_internal_hr.py::test_internal_hr_handoff_not_in_client_portal_default_list	tests/api	passes alone
tests/api/test_handoff_internal_hr.py::test_meta_stages_hr_officer_internal_hr_lane	tests/api	fails alone
tests/api/test_handoff_snapshot.py::test_client_processor_can_read_own_company_handoff_snapshot	tests/api	fails alone
tests/api/test_handoff_snapshot.py::test_handoff_snapshot_immutable_after_candidate_and_doc_changes	tests/api	fails alone
tests/api/test_handoff_snapshot.py::test_hr_officer_cannot_read_client_portal_handoff_snapshot	tests/api	fails alone
tests/api/test_hiring_rbac_access_matrix.py::test_hr_officer_jwt_blocked_from_candidates_list	tests/api	fails alone
tests/api/test_hiring_rbac_multitenant_handoff.py::test_recruiter_jwt_with_foreign_x_tenant_id_no_candidate_leak	tests/api	fails alone
tests/api/test_hr_acceptance_stage_b_delayed_workforce.py::test_delayed_workforce_accept_then_approve_creates_employee_and_hr_bundle	tests/api	fails alone
tests/api/test_hr_dashboard.py::test_hr_dashboard_compliance_grouping	tests/api	passes alone
tests/api/test_hr_dashboard.py::test_hr_dashboard_high_risk_item	tests/api	passes alone
tests/api/test_hr_dashboard.py::test_hr_dashboard_recruiter_forbidden	tests/api	fails alone
tests/api/test_hr_dashboard.py::test_hr_dashboard_summary_counters	tests/api	passes alone
tests/api/test_hr_dashboard.py::test_hr_dashboard_workload_groups_tasks	tests/api	passes alone
tests/api/test_hr_documents_hub.py::test_hr_documents_hub_recruiter_forbidden	tests/api	fails alone
tests/api/test_hr_documents_hub.py::test_hr_documents_hub_row_from_context	tests/api	passes alone
tests/api/test_hr_documents_queue.py::test_hr_documents_expiring_high_risk_live_horizon	tests/api	passes alone
tests/api/test_hr_documents_queue.py::test_hr_documents_missing_after_accept_and_recruiter_forbidden	tests/api	fails alone
tests/api/test_hr_documents_queue.py::test_hr_documents_missing_snapshot_context_not_live_valid	tests/api	fails alone
tests/api/test_hr_handoff_idempotency_g4.py::test_repeat_from_candidate_is_idempotent	tests/api	passes alone
tests/api/test_hr_handoff_idempotency_g4.py::test_repeat_from_candidate_preserves_advanced_pipeline_stage	tests/api	passes alone
tests/api/test_hr_inbox.py::test_hr_inbox_pending_tasks_accepted_and_recruiter_forbidden	tests/api	fails alone
tests/api/test_hr_operational_context_after_handoff.py::test_hr_operational_context_case_links_and_hr_review_does_not_replace_recruitment_check	tests/api	fails alone
tests/api/test_hr_operational_context_after_handoff.py::test_hr_review_forbidden_for_recruiter_and_supervisor	tests/api	fails alone
tests/api/test_hr_review_document_sot.py::test_hr_review_panel_links_candidate_passport_and_blocks_approve	tests/api	passes alone
tests/api/test_hr_review_workflow.py::test_approve_hr_verification_gate_uses_decision_contract	tests/api	fails alone
tests/api/test_hr_review_workflow.py::test_approve_with_blockers_returns_hr_review_blocked	tests/api	passes alone
tests/api/test_hr_review_workflow.py::test_hr_review_panel_after_accept	tests/api	passes alone
tests/api/test_hr_review_workflow.py::test_manual_checklist_verify_gated_items_are_blocked	tests/api	passes alone
tests/api/test_hr_review_workflow.py::test_reject_sets_rejected_by_hr	tests/api	passes alone
tests/api/test_hr_review_workflow.py::test_request_corrections_sets_waiting_documents	tests/api	passes alone
tests/api/test_hr_review_workflow.py::test_return_to_recruitment_sets_status	tests/api	passes alone
tests/api/test_hr_verification_pr15_e2e.py::test_hybrid_blocked_plan_approve_returns_422	tests/api	passes alone
tests/api/test_hr_verification_pr15_e2e.py::test_hybrid_ready_plan_approve_returns_200	tests/api	fails alone
tests/api/test_invoices_guardrails.py::test_from_service_order_creates_invoice_success	tests/api	fails alone
tests/api/test_invoices_guardrails.py::test_from_service_order_maps_recipient_guardrail_to_400	tests/api	fails alone
tests/api/test_lead_communications.py::test_application_received_skipped_without_destination_pipeline	tests/api	fails alone
tests/api/test_lead_communications.py::test_moving_forward_skipped_without_destination_pipeline	tests/api	fails alone
tests/api/test_lead_communications.py::test_no_email_still_skips_pipeline_first	tests/api	fails alone
tests/api/test_lead_communications.py::test_reject_skips_without_pipeline	tests/api	fails alone
tests/api/test_lead_duplicate_decision.py::test_duplicate_decision_attach_existing	tests/api	fails alone
tests/api/test_lead_duplicate_decision.py::test_duplicate_decision_create_new_then_process	tests/api	fails alone
tests/api/test_lead_duplicate_decision.py::test_duplicate_decision_ignore_skips_suggested_without_candidate	tests/api	fails alone
tests/api/test_lead_forms_settings.py::test_lead_forms_fourth_active_on_team_plan_402	tests/api	fails alone
tests/api/test_lead_intake_decision.py::test_pool_intent_process_without_vacancy_creates_candidate_and_application	tests/api	fails alone
tests/api/test_lead_intake_decision.py::test_qualify_after_confirm_vacancy_allows_process	tests/api	fails alone
tests/api/test_lead_rodo_auto.py::test_auto_on_lead_created_no_email_sets_pending_channel	tests/api	fails alone
tests/api/test_lead_rodo_auto.py::test_auto_on_lead_created_sends_rodo	tests/api	fails alone
tests/api/test_lead_rodo_auto.py::test_meta_webhook_replay_does_not_send_rodo_twice	tests/api	fails alone
tests/api/test_lead_rodo_gate.py::test_send_rodo_and_process_ok	tests/api	fails alone
tests/api/test_lead_rodo_gate.py::test_source_provided_then_process_ok	tests/api	fails alone
tests/api/test_lead_vacancy_confirm.py::test_confirm_vacancy_rejects_wrong_source	tests/api	fails alone
tests/api/test_lead_vacancy_confirm.py::test_confirm_vacancy_then_process_assisted	tests/api	fails alone
tests/api/test_leads_delete.py::test_delete_lead_returns_204_and_get_404	tests/api	fails alone
tests/api/test_leads_meta.py::test_leads_list_endpoint	tests/api	fails alone
tests/api/test_leads_meta.py::test_meta_lead_duplicate	tests/api	fails alone
tests/api/test_leads_meta.py::test_meta_lead_processed	tests/api	fails alone
tests/api/test_leads_meta.py::test_meta_lead_processed_services_flow_emits_telegram_events	tests/api	fails alone
tests/api/test_leads_meta.py::test_meta_webhook_idempotent_processing	tests/api	fails alone
tests/api/test_leads_meta.py::test_services_leads_list_returns_company_outcome	tests/api	fails alone
tests/api/test_meta_stages_employee_h4.py::test_meta_stages_employee_pipeline_requires_company_id	tests/api	fails alone
tests/api/test_meta_stages_employee_h4.py::test_meta_stages_employee_pipeline_uses_hr_pe_mapping_filter	tests/api	fails alone
tests/api/test_platform_tenants.py::test_create_tenant_admin_endpoint	tests/api	fails alone
tests/api/test_public_intake.py::test_public_intake_client_application_creates_lead_on_submit	tests/api	fails alone
tests/api/test_public_intake.py::test_public_intake_client_creates_company_lead_without_company	tests/api	fails alone
tests/api/test_public_intake.py::test_public_intake_create_with_vacancy_id	tests/api	fails alone
tests/api/test_public_intake.py::test_public_intake_full_flow	tests/api	fails alone
tests/api/test_public_intake.py::test_public_status_endpoint	tests/api	fails alone
tests/api/test_public_intake_lead_forms.py::test_public_intake_resolves_tenant_from_slug_without_x_tenant_header	tests/api	fails alone
tests/api/test_public_intake_presentation_p7.py::test_p7_submit_presentation_creates_lead_draft_not_candidate	tests/api	fails alone
tests/api/test_questionnaire_ssot_repair.py::test_questionnaire_context_endpoint	tests/api	passes alone
tests/api/test_questionnaire_ssot_repair.py::test_questionnaire_invite_with_locale	tests/api	fails alone
tests/api/test_questionnaire_ssot_repair.py::test_repair_sets_profile_code_and_tenant_presentation	tests/api	fails alone
tests/api/test_recruiter_access.py::test_recruiter_can_list_candidates	tests/api	fails alone
tests/api/test_recruiter_access.py::test_recruiter_can_update_stage	tests/api	fails alone
tests/api/test_recruiter_access.py::test_recruiter_can_view_pipeline	tests/api	fails alone
tests/api/test_recruiter_access.py::test_recruiter_cannot_access_foreign_candidate	tests/api	fails alone
tests/api/test_recruiter_access.py::test_recruiter_cannot_create_candidate_in_foreign_company	tests/api	fails alone
tests/api/test_recruiter_access.py::test_recruiter_document_crud	tests/api	fails alone
tests/api/test_recruitment_company_module_enforcement.py::test_bulk_stage_fails_per_row_when_recruitment_disabled	tests/api	fails alone
tests/api/test_recruitment_company_module_enforcement.py::test_get_candidate_403_when_company_disables_recruitment	tests/api	fails alone
tests/api/test_recruitment_company_module_enforcement.py::test_list_candidates_excludes_company_when_recruitment_disabled	tests/api	fails alone
tests/api/test_recruitment_company_module_enforcement.py::test_post_candidate_403_when_company_disables_recruitment	tests/api	fails alone
tests/api/test_recruitment_lock_bulk_guard.py::test_create_contact_attempt_forbidden_when_application_handed_off	tests/api	fails alone
tests/api/test_requirement_pipeline_overrides.py::test_requirement_waiver_allows_pipeline_forward	tests/api	fails alone
tests/api/test_requirements_workspace.py::test_workspace_handoff_ready_after_all_evidence_approved	tests/api	fails alone
tests/api/test_requirements_workspace_combined_license.py::test_workspace_combined_license_path_satisfied	tests/api	fails alone
tests/api/test_requirements_workspace_combined_license.py::test_workspace_separate_license_path_satisfied	tests/api	fails alone
tests/api/test_requirements_workspace_gates.py::test_handoff_create_blocked_when_open_operational_requirement	tests/api	fails alone
tests/api/test_requirements_workspace_gates.py::test_handoff_create_blocked_when_workspace_handoff_not_ready	tests/api	fails alone
tests/api/test_requirements_workspace_gates.py::test_stage_and_handoff_allowed_when_workspace_handoff_ready	tests/api	fails alone
tests/api/test_return_to_recruitment_consistency.py::test_return_to_recruitment_releases_operational_lock_and_repeat_handoff_no_duplicates	tests/api	fails alone
tests/api/test_sales_targeted_advertising_intake.py::test_meta_lead_questionnaire_invite_submit_convert_client	tests/api	fails alone
tests/api/test_sales_targeted_advertising_intake.py::test_questionnaire_invite_mark_sent_false_does_not_create_draft	tests/api	fails alone
tests/api/test_single_tenant_recruitment_hr_handoff_flow.py::test_hr_review_dossier_plan_includes_data_blocks_and_by_candidate_lookup	tests/api	passes alone
tests/api/test_single_tenant_recruitment_hr_handoff_flow.py::test_internal_hr_accept_handoff_workforce_idempotent_hr_reads_same_document	tests/api	fails alone
tests/api/test_single_tenant_recruitment_hr_handoff_flow.py::test_operational_write_guards_db_hub_tasks_permits_after_workforce_materialization	tests/api	passes alone
tests/api/test_single_tenant_recruitment_hr_handoff_flow.py::test_ready_for_handoff_alone_does_not_materialize_workforce_until_internal_hr_accept	tests/api	passes alone
tests/api/test_single_tenant_recruitment_hr_handoff_flow.py::test_recruiter_cannot_patch_candidate_after_workforce_materialization	tests/api	passes alone
tests/api/test_single_tenant_recruitment_hr_handoff_flow.py::test_recruiter_cannot_post_notes_after_workforce_materialization	tests/api	passes alone
tests/api/test_single_tenant_recruitment_hr_handoff_flow.py::test_workforce_handoff_link_flag_does_not_bypass_handoff_accept_for_materialization	tests/api	passes alone
tests/api/test_stage_3c_universal_submission_routing.py::test_unresolved_skip_decision_layer	tests/api	fails alone
tests/api/test_stage_3d_epic_p_gates.py::test_epic_p_alembic_pr3_downgrade_upgrade_roundtrip	tests/api	fails alone
tests/api/test_stage_3e_activity_foundation.py::test_alembic_downgrade_upgrade_roundtrip	tests/api	fails alone
tests/api/test_stage_3e_activity_foundation.py::test_alembic_revision_is_linear_no_merge	tests/api	fails alone
tests/api/test_stage_3e_pr2_flight_lifecycle.py::test_create_campaign_emits_flight_created	tests/api	fails alone
tests/api/test_stage_4_pr5_rbac_company_scope.py::test_viewer_cannot_launch_flight	tests/api	fails alone
tests/api/test_stage_6_pr4_portfolio.py::test_campaign_portfolio_marks_best_cpl	tests/api	passes alone
tests/api/test_stage_6_pr6b_roi_compose.py::test_kpi_and_compare_include_roi	tests/api	passes alone
tests/api/test_stage_6b_cookie_session.py::test_csrf_blocks_mutating_cookie_session_without_header	tests/api	fails alone
tests/api/test_tenant_isolation.py::test_cross_tenant_creation_blocked	tests/api	fails alone
tests/api/test_tenant_isolation.py::test_rls_enforcement_at_db_level	tests/api	fails alone
tests/api/test_tenant_isolation.py::test_tenant_isolation_documents	tests/api	fails alone
tests/api/test_tenant_isolation.py::test_tenant_isolation_list_endpoints	tests/api	fails alone
tests/api/test_tenant_links_handoff_toggle.py::test_update_tenant_link_allows_trust_write_not_only_admin	tests/api	fails alone
tests/api/test_tenant_links_handoff_toggle.py::test_update_tenant_link_flags_features_json_for_false	tests/api	fails alone
tests/api/test_tenant_product_modules.py::test_patch_recruitment_syncs_triad	tests/api	fails alone
tests/api/test_tenant_product_modules.py::test_recruitment_snapshot_matches_triad	tests/api	fails alone
tests/api/test_transfer_readiness_target_stage.py::test_transfer_readiness_target_stage_includes_requirement_gate	tests/api	fails alone
tests/api/test_uos_candidate_stage_auto_activities.py::test_uos_candidate_stage_follow_up_on_patch	tests/api	passes alone
tests/api/test_uos_vacancy_recruiting_auto_activities.py::test_uos_vacancy_recruiting_follow_up_on_create_and_reopen	tests/api	fails alone
tests/api/test_work_eligibility_journey.py::test_work_eligibility_journey_shape	tests/api	passes alone
tests/api/test_workforce_employed_stage_hook.py::test_patch_candidate_stays_employed_idempotent_workforce	tests/api	fails alone
tests/api/test_workforce_employed_stage_hook.py::test_patch_candidate_stays_employment_pending_idempotent_workforce	tests/api	fails alone
tests/api/test_workforce_employed_stage_hook.py::test_patch_candidate_to_employed_creates_workforce_row	tests/api	fails alone
tests/api/test_workforce_employed_stage_hook.py::test_patch_candidate_to_employment_pending_creates_workforce_row	tests/api	fails alone
tests/api/test_workforce_employee_documents.py::test_hr_officer_documents_empty_without_candidate	tests/api	passes alone
tests/api/test_workforce_employee_documents.py::test_hr_officer_documents_ok_with_candidate	tests/api	passes alone
tests/api/test_workforce_employee_documents.py::test_recruiter_forbidden_employee_documents	tests/api	passes alone
tests/api/test_workforce_employee_linked_user.py::test_workforce_linked_user_shows_org_units_and_duplicate_forbidden	tests/api	fails alone
tests/api/test_workforce_employee_operational_profile.py::test_operational_profile_hr_officer_shape	tests/api	passes alone
tests/api/test_workforce_hr_core_profiles.py::test_hr_core_profiles_after_employee_create	tests/api	passes alone
tests/api/test_workforce_hr_core_profiles.py::test_hr_core_profiles_after_handoff_from_candidate	tests/api	passes alone
tests/api/test_workforce_hr_legal_profiles_patch.py::test_patch_tax_insurance_compliance_profiles	tests/api	passes alone
tests/api/test_workforce_hr_readiness_v0.py::test_handoff_documents_list_reachable_for_question_2	tests/api	fails alone
tests/api/test_workforce_hr_readiness_v0.py::test_handoff_hr_bundle_seeds_employment_payroll_zus_onboarding	tests/api	fails alone
tests/api/test_workforce_hr_readiness_v0.py::test_handoff_idempotent_same_employee_and_bundle_stable	tests/api	fails alone
tests/api/test_workforce_recruiter_contract.py::test_recruiter_create_get_patch_employee	tests/api	passes alone
tests/api/test_workforce_recruiter_contract.py::test_recruiter_delete_employee	tests/api	fails alone
tests/api/test_workforce_recruiter_contract.py::test_recruiter_employee_documents_with_candidate	tests/api	passes alone
tests/api/test_workforce_recruiter_contract.py::test_recruiter_handoff_from_candidate	tests/api	passes alone
tests/api/test_workforce_recruiter_contract.py::test_recruiter_hr_bundle_shape	tests/api	passes alone
tests/api/test_workforce_recruiter_contract.py::test_recruiter_link_user_options_shape	tests/api	fails alone
tests/api/test_workforce_return_to_recruitment.py::test_return_to_recruitment_from_employee_record	tests/api	fails alone
tests/api/test_zus_workspace_auto_tasks.py::test_employee_create_with_insurance_seeds_registration_task	tests/api	fails alone
tests/api/test_zus_workspace_auto_tasks.py::test_insurance_patch_deregistered_at_creates_zwua	tests/api	passes alone
tests/api/test_zus_workspace_auto_tasks.py::test_monthly_job_creates_then_idempotent	tests/api	passes alone
tests/api/test_zus_workspace_auto_tasks.py::test_registration_blocked_for_third_country_driver_until_ready_for_zus	tests/api	fails alone
tests/api/test_zus_workspace_auto_tasks.py::test_reject_work_permit_submitted_without_fee_paid	tests/api	passes alone
tests/api/test_zus_workspace_auto_tasks.py::test_repeat_ensure_registration_no_duplicate	tests/api	fails alone
tests/api/test_zus_workspace_mvp.py::test_zus_workspace_list_create_patch	tests/api	passes alone
tests/constants/test_funnel_types_h1.py::test_funnels_api_pydantic_allows_employee_type_in_schema	tests/constants	fails alone
tests/constants/test_funnel_types_h1.py::test_funnels_api_recruitment_create_routes_employee_to_hr_module	tests/constants	fails alone
tests/constants/test_funnel_types_h1.py::test_hr_employee_funnel_resolver_module_is_hr	tests/constants	fails alone
tests/document_runtime/test_delivery_contract_p4.py::test_p4_pending_document_same_blocker_semantics_everywhere	tests/document_runtime	fails alone
tests/document_runtime/test_delivery_contract_p4.py::test_p4_required_delivery_identical_for_hub_and_pe	tests/document_runtime	fails alone
tests/document_runtime/test_delivery_contract_p4.py::test_p4_same_document_same_runtime_across_consumers	tests/document_runtime	fails alone
tests/document_runtime/test_evaluator_p1.py::test_requirement_evaluator_rejected_and_expired_blockers	tests/document_runtime	fails alone
tests/document_runtime/test_evaluator_p1.py::test_requirement_evaluator_uploaded_is_not_satisfied	tests/document_runtime	fails alone
tests/document_runtime/test_evaluator_p1.py::test_requirement_evaluator_uses_document_runtime_v1	tests/document_runtime	fails alone
tests/document_runtime/test_hub_bridge_p2.py::test_p2_apply_hub_requirements_to_checklist	tests/document_runtime	fails alone
tests/document_runtime/test_hub_bridge_p2.py::test_p2_approved_valid_satisfied	tests/document_runtime	fails alone
tests/document_runtime/test_hub_bridge_p2.py::test_p2_best_instance_wins_over_weaker_duplicate	tests/document_runtime	fails alone
tests/document_runtime/test_hub_bridge_p2.py::test_p2_expired_blocker	tests/document_runtime	fails alone
tests/document_runtime/test_hub_bridge_p2.py::test_p2_expiring_soon_warning_but_satisfied	tests/document_runtime	fails alone
tests/document_runtime/test_hub_bridge_p2.py::test_p2_hub_checklist_exposes_document_runtime_v1	tests/document_runtime	fails alone
tests/document_runtime/test_hub_bridge_p2.py::test_p2_merge_owner_summary_includes_runtime_checklist	tests/document_runtime	fails alone
tests/document_runtime/test_hub_bridge_p2.py::test_p2_missing_blocker	tests/document_runtime	fails alone
tests/document_runtime/test_hub_bridge_p2.py::test_p2_pending_review_not_satisfied	tests/document_runtime	fails alone
tests/document_runtime/test_hub_bridge_p2.py::test_p2_rejected_blocker	tests/document_runtime	fails alone
tests/document_runtime/test_hub_bridge_p2.py::test_p2_uploaded_not_satisfied	tests/document_runtime	fails alone
tests/document_runtime/test_pe_bridge_p3.py::test_p3_approved_valid_allows_transition	tests/document_runtime	fails alone
tests/document_runtime/test_pe_bridge_p3.py::test_p3_expired_blocks_transition	tests/document_runtime	fails alone
tests/document_runtime/test_pe_bridge_p3.py::test_p3_expiring_soon_warning_not_blocker	tests/document_runtime	fails alone
tests/document_runtime/test_pe_bridge_p3.py::test_p3_missing_blocks_transition	tests/document_runtime	fails alone
tests/document_runtime/test_pe_bridge_p3.py::test_p3_pending_review_blocks_transition	tests/document_runtime	fails alone
tests/document_runtime/test_pe_bridge_p3.py::test_p3_rejected_blocks_transition	tests/document_runtime	fails alone
tests/document_runtime/test_pe_bridge_p3.py::test_p3_uploaded_blocks_transition	tests/document_runtime	fails alone
tests/entity_profile/test_entity_profile_p5c.py::test_p5c_submit_blocked_duplicate_no_new_candidate	tests/entity_profile	fails alone
tests/entity_profile/test_entity_profile_p5c.py::test_p5c_submit_create_candidate_with_vacancy	tests/entity_profile	fails alone
tests/entity_profile/test_entity_profile_p5c.py::test_p5c_submit_lead_only_without_candidate	tests/entity_profile	fails alone
tests/entity_profile/test_targeted_advertising_auto_seed.py::test_provisioned_form_supports_questionnaire_invite	tests/entity_profile	fails alone
tests/entity_profile/test_targeted_advertising_auto_seed.py::test_services_tenant_without_own_company_stays_pending	tests/entity_profile	fails alone
tests/forms_platform/test_forms_sprint3_gates.py::test_forms_sprint3_alembic_roundtrip	tests/forms_platform	fails alone
tests/forms_platform/test_forms_sprint6_gates.py::test_forms_sprint6_alembic_roundtrip	tests/forms_platform	fails alone
tests/forms_platform/test_forms_sprint6_gates.py::test_forms_sprint6_alembic_single_head	tests/forms_platform	fails alone
tests/integration/test_hr_only_employee_pipeline_h6.py::test_hr_only_tenant_employee_pipeline_acceptance	tests/integration	fails alone
tests/models/test_candidate_short_id.py::test_assign_short_id_ignores_non_digits_and_scopes_per_tenant	tests/models	fails alone
tests/module_registry/test_module_registry_p1.py::test_p2_no_new_direct_legacy_module_flag_reads	tests/module_registry	fails alone
tests/modules/leads/test_meta_intake_router_pr4.py::test_legacy_fallback_agency_candidate_application	tests/modules	fails alone
tests/modules/leads/test_meta_intake_router_pr4.py::test_legacy_fallback_services_sales_inquiry	tests/modules	fails alone
tests/modules/leads/test_unmapped_ad_no_fallback_routing.py::test_process_normalized_lead_unmapped_ad_stays_needs_routing	tests/modules	fails alone
tests/modules/recruitment/test_ops_pipeline_wire.py::test_recruitment_ops_auto_bind_then_pipeline_send	tests/modules	fails alone
tests/modules/sales/test_sales_compliance_outbound_wire.py::test_sales_ops_auto_bind_then_pipeline_send	tests/modules	fails alone
tests/modules/test_meta_webhook_graph.py::test_enrich_entries_fetches_field_data	tests/modules	fails alone
tests/modules/test_meta_webhook_graph.py::test_enrich_entries_records_graph_error	tests/modules	fails alone
tests/modules/test_meta_webhook_graph.py::test_enrich_entries_skips_when_field_data_present	tests/modules	fails alone
tests/modules/test_meta_webhook_import.py::test_webhook_resurrects_failed_lead	tests/modules	fails alone
tests/modules/test_meta_webhook_import.py::test_webhook_with_field_data_creates_lead	tests/modules	fails alone
tests/notifications/test_reminders.py::test_run_expiry_notifications_emits_template_payload	tests/notifications	fails alone
tests/notifications/test_reminders.py::test_schedule_document_expiry_reminders_matrix	tests/notifications	fails alone
tests/notifications/test_reminders.py::test_schedule_respects_catalog_reminder_days	tests/notifications	fails alone
tests/platform/test_domain_event_outbox_3a1.py::test_alembic_has_single_head	tests/platform	fails alone
tests/process_engine/test_process_engine_hr_manifest_p0.py::test_ensure_hr_process_engine_stages_skips_when_hr_disabled	tests/process_engine	fails alone
tests/process_engine/test_process_engine_p3.py::test_p3_candidates_service_uses_adapter_for_effective_profile	tests/process_engine	fails alone
tests/process_engine/test_process_engine_p4.py::test_p4_funnels_api_enforces_pe_mapping_helper	tests/process_engine	fails alone
tests/process_engine/test_process_engine_p5.py::test_p5_transfer_policy_resolver_uses_handoff_evaluator	tests/process_engine	fails alone
tests/requirement_rules/evaluation/test_stage_guard_cutover_2b3.py::test_stage_guard_allows_when_evaluator_can_transition	tests/requirement_rules	fails alone
tests/requirement_rules/evaluation/test_stage_guard_cutover_2b3.py::test_stage_guard_no_legacy_owner_summary_import	tests/requirement_rules	fails alone
tests/requirement_rules/evaluation/test_stage_guard_cutover_2b3.py::test_stage_guard_uses_evaluator_only	tests/requirement_rules	fails alone
tests/requirement_rules/test_document_hub_bridge_p2c.py::test_p2c_driver_ce_required_documents_from_engine	tests/requirement_rules	fails alone
tests/requirement_rules/test_document_hub_bridge_p2c.py::test_p2c_evaluates_via_requirement_engine_with_vacancy	tests/requirement_rules	fails alone
tests/requirement_rules/test_document_hub_bridge_p2c.py::test_p2c_merge_into_owner_summary_overlays_requirement_engine	tests/requirement_rules	fails alone
tests/requirement_rules/test_document_hub_bridge_p2c.py::test_p2c_missing_documents_when_absent	tests/requirement_rules	fails alone
tests/requirement_rules/test_document_hub_bridge_p2c.py::test_p2c_satisfied_documents_when_approved	tests/requirement_rules	fails alone
tests/requirement_rules/test_dr1_runtime_gate.py::test_dr1_runtime_classifies_requested_and_problem_states	tests/requirement_rules	fails alone
tests/requirement_rules/test_process_profile_hooks_p3a.py::test_p3a_merge_order_entity_profile_document_pack_process_profile	tests/requirement_rules	fails alone
tests/requirement_rules/test_process_profile_hooks_p3a.py::test_p3a_readiness_without_stage_keeps_p1_behavior	tests/requirement_rules	fails alone
tests/requirement_rules/test_readiness_bridge_p2a.py::test_p2a_evaluates_via_requirement_engine_with_vacancy	tests/requirement_rules	fails alone
tests/requirement_rules/test_readiness_bridge_p2a.py::test_p2a_map_evaluation_to_readiness_fragments	tests/requirement_rules	fails alone
tests/requirement_rules/test_readiness_bridge_p2a.py::test_p2a_requirement_engine_section_shape	tests/requirement_rules	fails alone
tests/requirement_rules/test_requirement_rule_graph_decision_table.py::test_scenario_9_unclassified_voivodeship_decision	tests/requirement_rules	fails alone
tests/requirement_rules/test_requirement_rules_p1.py::test_p1_document_pack_manifest_driver_ce	tests/requirement_rules	fails alone
tests/requirement_rules/test_requirement_rules_p1.py::test_p1_evaluator_satisfied_when_complete	tests/requirement_rules	fails alone
tests/requirement_rules/test_requirement_rules_p1.py::test_p1_rule_set_readiness_includes_document_pack	tests/requirement_rules	fails alone
tests/requirement_rules/test_requirement_rules_p1_api.py::test_p1_api_get_requirement_rules_driver_ce	tests/requirement_rules	fails alone
tests/requirement_rules/test_tenant_overrides_p3b.py::test_p3b_evaluator_applies_relax_blocker	tests/requirement_rules	fails alone
tests/requirement_rules/test_tenant_overrides_p3b.py::test_p3b_relax_removes_non_canonical_document	tests/requirement_rules	fails alone
tests/requirement_rules/test_transition_bridge_p2b.py::test_p2b_integration_full_package_allows_transition	tests/requirement_rules	fails alone
tests/requirement_rules/test_transition_bridge_p2b.py::test_p2b_map_evaluation_to_transition_gate_blockers	tests/requirement_rules	fails alone
tests/services/test_candidate_evidence_handoff_contract.py::test_build_requirement_fulfillments_excludes_rejected_and_superseded	tests/services	fails alone
tests/services/test_candidate_evidence_handoff_contract.py::test_handoff_snapshot_includes_requirement_fulfillments	tests/services	fails alone
tests/services/test_company_module_access.py::test_effective_modules_all_tenant_when_company_override_empty	tests/services	fails alone
tests/services/test_company_module_access.py::test_tenant_off_company_cannot_enable	tests/services	fails alone
tests/services/test_document_applicability_resolver.py::test_transport_driver_pack_adds_driver_compliance_set	tests/services	fails alone
tests/services/test_document_reference_sync.py::test_backfill_documents_sets_canonical_ids_and_unknown_maps_to_other	tests/services	fails alone
tests/services/test_document_type_canonical_bridge.py::test_sync_reassigns_misclassified_document_type_ids	tests/services	fails alone
tests/services/test_document_type_runtime_resolver.py::test_resolve_legacy_mapping_and_unknown_to_other	tests/services	fails alone
tests/services/test_document_type_runtime_resolver.py::test_resolve_prefers_document_type_version_id	tests/services	fails alone
tests/services/test_hr_cms_employee_pipeline_funnel_h5.py::test_validate_hr_settings_rejects_legacy_tenant_funnel	tests/services	fails alone
tests/services/test_hr_cms_employee_pipeline_funnel_h5.py::test_validate_hr_settings_rejects_recruitment_funnel	tests/services	fails alone
tests/services/test_hr_employee_funnel_assignment_h4.py::test_meta_stages_supports_employee_pipeline_type	tests/services	fails alone
tests/services/test_hr_employee_funnel_assignment_h4.py::test_workforce_create_wires_hr_assignment_not_recruitment_resolver	tests/services	fails alone
tests/services/test_hr_employee_funnel_assignment_h4.py::test_workforce_handoff_from_candidate_wires_recruitment_pipeline_assignment	tests/services	fails alone
tests/services/test_hr_employee_funnel_resolver.py::test_explicit_recruitment_funnel_forbidden	tests/services	fails alone
tests/services/test_hr_employee_funnel_resolver.py::test_resolve_raises_when_no_funnel_exists	tests/services	fails alone
tests/services/test_hr_operational_alerts.py::test_hr_operational_alerts_dispatch_idempotent_window	tests/services	passes alone
tests/services/test_hr_operational_alerts.py::test_hr_operational_alerts_dry_run_counts_slots	tests/services	passes alone
tests/services/test_recruitment_funnel_assignment.py::test_reconcile_lead_funnel_on_company_change	tests/services	fails alone
tests/services/test_recruitment_funnel_resolver.py::test_resolve_raises_when_no_funnel_exists	tests/services	fails alone
tests/services/test_recruitment_lead_auto_assign.py::test_assign_recruiter_unassigned_when_canonical_paused	tests/services	fails alone
tests/services/test_recruitment_lead_auto_assign.py::test_assign_recruiter_unassigned_when_outside_working_hours	tests/services	fails alone
tests/services/test_recruitment_lead_auto_assign.py::test_assign_recruiter_unassigned_when_pool_lacks_company_scope	tests/services	fails alone
tests/services/test_recruitment_lead_auto_assign.py::test_candidate_create_unassigned_audit_payload	tests/services	fails alone
tests/services/test_system_candidate_workforce_lock.py::test_create_attempt_skips_stage_when_workforce_locked	tests/services	fails alone
tests/services/test_transfer_policy_regression_scenarios.py::test_regression_approved_override_clears_document_blocker	tests/services	fails alone
tests/services/test_transfer_policy_regression_scenarios.py::test_regression_full_green_allows_stage_and_handoff	tests/services	fails alone
tests/services/test_transfer_policy_regression_scenarios.py::test_regression_missing_contact_data_blocks_recruitment_package	tests/services	fails alone
tests/services/test_transfer_policy_regression_scenarios.py::test_regression_missing_required_document_blocks_stage	tests/services	fails alone
tests/services/test_transfer_policy_regression_scenarios.py::test_regression_pending_verification_blocks_stage	tests/services	fails alone
tests/services/test_transfer_policy_regression_scenarios.py::test_regression_processing_by_hr_stage_report_resolves	tests/services	fails alone
tests/services/test_transfer_policy_regression_scenarios.py::test_regression_stage_allowed_handoff_route_disabled	tests/services	fails alone
tests/services/test_transfer_policy_regression_scenarios.py::test_regression_tenant_link_disabled_blocks_handoff_only	tests/services	fails alone
tests/services/test_transfer_policy_regression_scenarios.py::test_regression_unconfirmed_blocks_block_transfer	tests/services	fails alone
tests/services/test_transfer_policy_resolver.py::test_transfer_policy_allowed_when_complete	tests/services	fails alone
tests/services/test_transfer_policy_resolver.py::test_transfer_policy_blocked_by_unconfirmed_blocks	tests/services	fails alone
tests/services/test_workforce_action_policy.py::test_contract_signing_allowed_when_docs_ready	tests/services	fails alone
tests/services/test_workforce_eligibility_resolver.py::test_compliance_risk_when_doc_expires_soon	tests/services	fails alone
tests/services/test_workforce_eligibility_resolver.py::test_eligible_when_required_docs_present_and_valid	tests/services	fails alone
tests/services/test_workforce_eligibility_resolver.py::test_expired_critical_document_blocks_route_assignment	tests/services	fails alone
tests/services/test_workforce_eligibility_resolver.py::test_unverified_critical_doc_blocks_hr_verification	tests/services	fails alone
tests/test_additional_services.py::test_additional_services_end_to_end	tests	fails alone
tests/test_analytics_ttv.py::test_post_analytics_event_ttv_step_roundtrip	tests	fails alone
tests/test_analytics_ttv.py::test_ttv_report_aggregates_durations	tests	fails alone
tests/test_audit_events.py::test_log_audit_event_contact_attempt	tests	fails alone
tests/test_audit_events.py::test_log_audit_event_rodo_sent	tests	fails alone
tests/test_audit_events.py::test_log_audit_event_writes_to_activity_log	tests	fails alone
tests/test_candidate_children.py::test_documents_crud	tests	fails alone
tests/test_candidate_children.py::test_permits_crud	tests	fails alone
tests/test_candidate_children.py::test_tasks_crud	tests	fails alone
tests/test_candidate_children.py::test_visas_crud	tests	fails alone
tests/test_candidate_next_action.py::test_endpoint_returns_404_for_unknown_candidate	tests	fails alone
tests/test_candidate_next_action.py::test_endpoint_returns_dto_for_known_candidate	tests	fails alone
tests/test_document_next_action.py::test_endpoint_returns_404_for_unknown_document	tests	fails alone
tests/test_document_next_action.py::test_endpoint_returns_dto_for_known_document	tests	fails alone
tests/test_documents_routes.py::test_documents_router_expected_endpoints	tests	fails alone
tests/test_lead_next_action.py::test_endpoint_returns_404_for_unknown_lead	tests	fails alone
tests/test_lead_next_action.py::test_endpoint_returns_dto_for_known_lead	tests	fails alone
tests/test_owner_fk_set_null.py::test_planner_event_assignee_set_null_on_user_delete	tests	fails alone
tests/test_pipeline_sync.py::test_stage_patch_from_terminal_allowed	tests	fails alone
tests/test_pipeline_sync.py::test_stage_patch_with_vacancy_payload	tests	fails alone
tests/test_pipeline_sync.py::test_stage_sync_smoke	tests	fails alone
tests/test_recruitment_setup_readiness.py::test_employer_next_action_skips_client_to_vacancy	tests	fails alone
tests/test_recruitment_setup_readiness.py::test_employer_skips_client_gate	tests	fails alone
tests/test_recruitment_setup_readiness.py::test_empty_agency_tenant_not_ready_first_blocker_is_client	tests	fails alone
tests/test_recruitment_setup_readiness.py::test_g6_next_action_points_to_setup_intake	tests	fails alone
tests/test_recruitment_setup_readiness.py::test_g8_fails_on_dual_routing_conflict	tests	fails alone
tests/test_risk_intel_v1.py::test_normalize_digest_roles_aliases	tests	fails alone
tests/test_risk_intel_v1.py::test_score_single_candidate_terminal_low	tests	fails alone
tests/test_thread_next_action.py::test_endpoint_returns_404_for_unknown_thread	tests	fails alone
tests/test_vacancy_next_action.py::test_endpoint_returns_404_for_unknown_vacancy	tests	fails alone
tests/test_vacancy_next_action.py::test_endpoint_returns_dto_for_known_vacancy	tests	fails alone
tests/unit/test_lead_questionnaire_invite_base_alias.py::test_lead_questionnaire_invite_fk_resolves_tenant_lead_forms	tests/unit	fails alone
